id;date_create;date_edit;creator;editor
1;2019-05-31T03:47:25;2019-05-30T20:41:54;Guam bandwidth Liaison;program Auto Loan Account Refined
2;2019-05-31T12:22:06;2019-05-31T04:09:39;Centralized revolutionize International;Sleek
3;2019-05-31T12:21:03;2019-05-31T08:47:22;Maine PCI SAS;Interactions
4;2019-05-30T14:43:24;2019-05-31T00:10:54;dynamic bandwidth Buckinghamshire;Oklahoma communities
5;2019-05-30T16:38:05;2019-05-31T06:27:40;supply-chains;Tools
6;2019-05-31T03:08:21;2019-05-31T00:40:18;hack;Fresh payment synthesize
7;2019-05-31T00:23:11;2019-05-31T08:41:13;seize Glen Refined;Mandatory Assistant
8;2019-05-31T14:05:43;2019-05-30T14:55:03;Arizona success Sleek Frozen Chips;Gorgeous Rubber Chicken Associate Central African Republic
9;2019-05-30T23:16:54;2019-05-31T09:11:01;heuristic Orchestrator Naira;Legacy Unbranded Plastic Chips
10;2019-05-30T15:34:38;2019-05-31T12:59:54;brand Generic B2B;olive
