id;name;is_onshore;kp_start;kp_end;date_create;date_edit;creator;editor;id_id;id_pipeline_id;id_safety_class_id
1;Incredible Metal Bike;91157;97121;37944;2019-05-30T20:31:50;2019-05-30T17:52:09;archive Montana;magenta Thailand;9;3;7
2;payment;54103;17719;92726;2019-05-31T02:50:31;2019-05-30T15:37:08;Avon;Kip;8;2;2
3;Object-based Ergonomic;43341;19764;12611;2019-05-31T02:28:23;2019-05-31T03:29:21;hard drive Rwanda Franc encompassing;Washington Inlet withdrawal;1;6;5
4;multimedia;32618;83226;96091;2019-05-31T02:57:39;2019-05-31T09:35:59;moderator Avon CSS;Legacy Configuration;8;4;10
5;frame Streamlined;38430;4434;5534;2019-05-31T06:34:56;2019-05-30T18:32:51;Planner navigating Maldives;teal;5;4;6
6;District user-facing IB;64424;10240;2034;2019-05-31T10:49:40;2019-05-30T20:35:36;Computers Consultant HDD;Exclusive;5;4;5
7;PCI Garden;89584;62113;65208;2019-05-31T10:02:31;2019-05-30T20:17:01;Jewelery Investment Account Texas;Seamless Toys;7;9;5
8;South Dakota;89933;17931;96992;2019-05-30T18:28:11;2019-05-30T22:45:27;navigate Awesome Tuna;Practical Berkshire granular;9;7;9
9;Nuevo Sol;65572;17379;73368;2019-05-31T12:27:09;2019-05-31T05:12:02;architect;Chief Handmade Wooden Towels;6;8;5
10;Handmade Steel Shirt Engineer;65883;60972;36540;2019-05-30T21:29:58;2019-05-31T02:41:38;local cross-media;program Dynamic;4;9;10
